filename,chroma_stft,rms,spectral_centroid,spectral_bandwidth,rolloff,zero_crossing_rate,mfcc1,mfcc2,mfcc3,mfcc4,mfcc5,mfcc6,mfcc7,mfcc8,mfcc9,mfcc10,mfcc11,mfcc12,mfcc13,mfcc14,mfcc15,mfcc16,mfcc17,mfcc18,mfcc19,mfcc20,label
door1open.wav,0.5109323263168335,0.0017061784164980054,2771.5110284080747,2820.5879580839273,6322.40442662806,0.12265078671328672,-535.4019775390625,79.11727142333984,4.035890102386475,11.41100788116455,-9.824705123901367,-0.6279814839363098,-10.915399551391602,-5.248889446258545,-14.87395191192627,-5.762091636657715,-13.055001258850098,-4.394804000854492,-12.974413871765137,-5.521377086639404,-11.18281078338623,-6.0884480476379395,-10.693644523620605,-5.985730171203613,-11.587723731994629,-6.184021949768066,dooropen
door2open.wav,0.6698518991470337,0.006105612497776747,2168.6392051750177,2495.0073900388866,4809.00567237367,0.05445547983156029,-467.38629150390625,75.1995620727539,-10.055549621582031,34.13032531738281,11.5849609375,22.80355453491211,8.651423454284668,8.99509334564209,-2.88091778755188,14.541396141052246,2.617384672164917,7.693626880645752,0.9979696273803711,6.765063285827637,1.3891018629074097,9.045534133911133,1.1260830163955688,5.175628185272217,-2.5376713275909424,3.0149455070495605,dooropen
door3open.wav,0.6046512126922607,0.010059226304292679,2874.272439239258,2908.43717142935,6586.517444957386,0.12776988636363637,-340.83978271484375,86.02582550048828,6.92500114440918,3.081312894821167,0.8258287310600281,7.1924052238464355,-2.469095230102539,1.0303007364273071,-5.671914577484131,0.882267951965332,-9.151564598083496,0.01521658431738615,-2.9326159954071045,-0.7804463505744934,-8.029425621032715,0.21477732062339783,-6.492062568664551,0.3077950179576874,-5.468047618865967,0.490445613861084,dooropen
door4open.wav,0.7515625953674316,0.038178347051143646,1148.8855099894874,1935.593373598805,2607.91015625,0.012369791666666666,-420.9413146972656,82.44271850585938,-5.859398365020752,22.937116622924805,29.41775131225586,22.5485782623291,5.862011432647705,8.804459571838379,12.782639503479004,13.423981666564941,6.912718772888184,8.680059432983398,8.485644340515137,6.641650199890137,5.417887210845947,5.732801914215088,4.0046000480651855,5.423532962799072,6.377951622009277,3.5429887771606445,dooropen
door5open.wav,0.5585022568702698,0.008506019599735737,1290.044487093085,2201.913185019089,2667.089080810547,0.022430419921875,-543.256591796875,93.2874526977539,15.52978229522705,32.337646484375,23.916500091552734,29.684167861938477,12.698944091796875,9.955375671386719,2.868461847305298,13.842362403869629,12.887493133544922,18.78000259399414,10.647327423095703,8.767380714416504,-1.4017632007598877,5.40181827545166,2.93495512008667,2.501838207244873,0.5649106502532959,0.89295494556427,dooropen
door6open.wav,0.6193572878837585,0.004964418243616819,3115.804417414127,2672.6263895225507,6279.467177972561,0.18821852769308944,-457.49481201171875,63.462928771972656,-15.97584056854248,12.155776023864746,-12.622058868408203,0.6850569248199463,-12.437366485595703,-6.505221843719482,-12.168596267700195,-4.444531440734863,-10.85692310333252,-6.867780685424805,-11.856966972351074,-5.384308338165283,-11.070430755615234,-6.132809162139893,-11.431562423706055,-7.813119888305664,-9.344328880310059,-3.0917840003967285,dooropen
door7open.wav,0.5490865707397461,0.0024609272368252277,2995.990612641875,2755.420069424922,6186.880770596591,0.16347804214015152,-516.8505859375,80.29190826416016,-2.1340489387512207,-6.0035834312438965,-10.684127807617188,5.682089805603027,3.7540414333343506,8.818037986755371,-1.777274489402771,2.2411255836486816,-5.197587966918945,2.7528398036956787,5.105188369750977,7.435492038726807,-1.965650200843811,1.70816969871521,-2.8719921112060547,3.0178680419921875,-2.9310338497161865,0.19985446333885193,dooropen
door8open.wav,0.6014466285705566,0.0761558786034584,2147.069324844137,2488.0094347945173,4602.448440810382,0.08431541313559322,-218.82485961914062,85.57231903076172,-2.1604979038238525,25.429555892944336,7.927590370178223,20.490915298461914,15.043486595153809,3.245190143585205,5.877234935760498,7.72228479385376,0.823599100112915,8.030054092407227,0.7887712717056274,9.373648643493652,2.5573630332946777,8.313779830932617,-0.4363589286804199,6.280298233032227,1.1366077661514282,10.43189811706543,dooropen
door9open.wav,0.5717882513999939,0.011247685179114342,1935.709508771331,2338.8834936669723,4223.0116733284885,0.06595771257267442,-441.9422302246094,91.89503479003906,11.757506370544434,22.557519912719727,4.708881855010986,11.162513732910156,6.005163192749023,15.818493843078613,2.3585236072540283,4.669962406158447,4.298261642456055,6.478414058685303,0.576090931892395,6.885161876678467,0.25689440965652466,7.500364303588867,4.260042190551758,4.993833065032959,1.4010719060897827,2.4327802658081055,dooropen
dooropen1.wav,0.6076396107673645,0.014442694373428822,2301.461549042965,2492.2537153417165,4789.733355978261,0.08377207880434782,-480.9275817871094,53.921382904052734,-2.2422428131103516,9.055272102355957,9.3820161819458,18.737672805786133,-2.9965338706970215,8.755331993103027,4.157503604888916,8.81000804901123,-1.786243200302124,7.726271629333496,0.46114176511764526,11.3402738571167,0.322927325963974,5.122706890106201,0.5591386556625366,8.590448379516602,4.426145076751709,1.810234785079956,dooropen
dooropen10.wav,0.4452492296695709,0.00817776843905449,2105.500360026822,2079.085811279713,4069.5831298828125,0.14018903459821427,-493.11767578125,71.0726547241211,-8.176809310913086,-9.158340454101562,-29.676435470581055,-10.308511734008789,-15.372923851013184,-16.8063907623291,-25.183290481567383,-20.538238525390625,-18.45810890197754,-14.285873413085938,-19.03082275390625,-9.32606315612793,-12.417969703674316,-7.123568058013916,-13.465216636657715,-5.603402137756348,-6.328255653381348,-3.9078478813171387,dooropen
dooropen11.wav,0.5134074687957764,0.033259179443120956,1354.1192545512322,1194.3028504462786,2669.9515474759614,0.08089693509615385,-308.37890625,159.91726684570312,-58.407676696777344,20.360063552856445,-20.316434860229492,-14.918523788452148,8.440818786621094,-31.834157943725586,-4.631326675415039,-9.86221694946289,-18.839069366455078,-2.436537742614746,-16.800399780273438,-9.19702434539795,-10.341035842895508,-13.522500991821289,-3.59071683883667,-12.706315040588379,-8.31680965423584,-6.776304721832275,dooropen
dooropen13.wav,0.5553022623062134,0.01837029680609703,2837.828124671432,2564.5805333551975,5830.4736328125,0.1310329861111111,-248.539794921875,65.4970703125,-29.75895118713379,12.131928443908691,-0.3830995261669159,15.548829078674316,1.3007044792175293,12.042750358581543,0.3990899324417114,12.331546783447266,0.22178977727890015,7.693838119506836,-2.1203291416168213,9.159613609313965,-2.772465229034424,9.674083709716797,1.7528975009918213,4.221977233886719,1.0316256284713745,4.197624206542969,dooropen
dooropen14.wav,0.5220664739608765,0.016625408083200455,2615.1314607534937,2611.2505778707728,5552.393092105263,0.10984786184210527,-320.39971923828125,70.53974914550781,-13.952550888061523,26.341215133666992,4.603498935699463,4.8433332443237305,-0.5534807443618774,8.075544357299805,4.668458461761475,4.4607343673706055,-1.09340500831604,2.9837353229522705,1.09843909740448,3.643467903137207,-1.1268517971038818,9.32118034362793,6.88170862197876,10.457698822021484,0.3843857944011688,9.173507690429688,dooropen
dooropen15.wav,0.4849725067615509,0.012755624018609524,2365.527889073604,2369.1503371867475,5036.119290865385,0.11417893629807692,-393.3983459472656,88.3548812866211,-25.09415054321289,18.848051071166992,5.224738121032715,17.696510314941406,6.074232578277588,5.050498008728027,4.036146640777588,6.445918560028076,1.4024205207824707,5.930298805236816,2.9560959339141846,3.877897024154663,-4.760168552398682,6.2529449462890625,-2.8081772327423096,3.0541958808898926,0.19157616794109344,2.3820085525512695,dooropen
dooropen16.wav,0.6421270370483398,0.03220481798052788,1244.4696505067895,1801.274372639023,2149.796697443182,0.04184126420454545,-385.1277770996094,100.22120666503906,-25.599958419799805,27.969541549682617,9.679815292358398,12.593786239624023,-3.9085049629211426,1.4614758491516113,8.038298606872559,3.642127513885498,-4.201294422149658,13.160210609436035,4.880498886108398,10.142638206481934,2.498697519302368,10.257075309753418,7.988099098205566,7.349998950958252,4.574496269226074,4.4502363204956055,dooropen
dooropen17.wav,0.6189641356468201,0.03457864746451378,1361.5066882133685,1918.9566998119249,2745.7337845203488,0.034787200218023256,-339.43463134765625,106.90522003173828,-24.91755485534668,31.120298385620117,7.3053107261657715,14.803394317626953,-3.600153684616089,0.2656429708003998,8.70224666595459,6.526169300079346,-2.330745220184326,13.658597946166992,1.2941100597381592,10.651634216308594,1.8772375583648682,9.139314651489258,4.517385959625244,4.958800792694092,2.74807071685791,5.717199802398682,dooropen
dooropen18.wav,0.5137753486633301,0.03362501412630081,1398.412649107914,1972.1457482708774,3041.433641387195,0.026545826981707318,-313.12847900390625,110.79936218261719,-13.729802131652832,41.23662185668945,10.481352806091309,17.94560432434082,-3.7003026008605957,3.708265781402588,6.3201727867126465,5.601465702056885,-4.002913475036621,11.74695873260498,0.5055152177810669,5.499341011047363,1.0111140012741089,7.0678863525390625,0.24225042760372162,4.0644307136535645,-1.5422943830490112,1.5904327630996704,dooropen
dooropen19.wav,0.5595717430114746,0.05577094107866287,1324.3222938823449,1836.8486324016396,2636.709056181066,0.03687241498161765,-292.59100341796875,115.56072998046875,-24.864215850830078,34.86986541748047,16.468061447143555,21.03316307067871,5.481622219085693,3.332427501678467,5.6326518058776855,3.2710580825805664,-10.190513610839844,5.138394355773926,-0.5431200861930847,4.8931169509887695,4.7117228507995605,6.091206073760986,1.004124641418457,-0.8089768886566162,-1.1150184869766235,1.196097493171692,dooropen
dooropen3.wav,0.572079062461853,0.0345061719417572,2282.996613095083,2494.4913798423054,4992.418399099576,0.0968121027542373,-235.5791015625,98.52703857421875,-12.043915748596191,1.2650102376937866,-11.410571098327637,-3.295436382293701,-13.987260818481445,-7.513437271118164,-16.19674301147461,-8.244658470153809,-11.663039207458496,-2.6216156482696533,-14.116689682006836,-7.160711288452148,-9.587394714355469,-2.175619602203369,-11.18787956237793,-3.0619466304779053,-5.694097518920898,1.1663950681686401,dooropen
dooropen4.wav,0.5678188800811768,0.007999854162335396,2558.6988155561153,2388.0232362484085,5050.13427734375,0.1128200954861111,-447.92376708984375,65.00635528564453,-15.980389595031738,31.695655822753906,-5.770359516143799,10.672077178955078,6.143275737762451,3.2761623859405518,6.823309898376465,8.20012378692627,-0.61431884765625,9.592965126037598,-3.473146677017212,3.751281261444092,-0.6557826995849609,8.817493438720703,1.7528876066207886,8.71413803100586,1.2283644676208496,6.232386112213135,dooropen
dooropen6.wav,0.5557388663291931,0.024317245930433273,1213.9638128260988,1323.017548547293,2256.4186789772725,0.058697324810606064,-368.8323974609375,167.8199462890625,-30.986175537109375,17.6904239654541,-0.20956990122795105,-3.885868787765503,-7.790317535400391,4.748015880584717,1.3562889099121094,-1.0361100435256958,-4.505311012268066,-2.8715734481811523,-2.1678664684295654,2.0410375595092773,-3.5779056549072266,-4.581536293029785,0.19304285943508148,-0.679102897644043,-1.4226443767547607,0.5335322022438049,dooropen
dooropen7.wav,0.5307118892669678,0.02461647056043148,1191.952714142542,1924.8408566410503,2114.118840144231,0.03130634014423077,-423.6352233886719,116.88861846923828,22.27874755859375,23.75796127319336,16.065948486328125,18.03007698059082,7.67796516418457,7.833284854888916,4.087896347045898,10.119706153869629,4.414384841918945,3.8168468475341797,2.7247743606567383,5.346796989440918,0.7409551739692688,2.9808125495910645,1.0896990299224854,2.1069142818450928,1.2189350128173828,1.8897628784179688,dooropen
dooropen9.wav,0.5648910999298096,0.02434849739074707,3265.7201474901094,2617.7078905603616,6184.874267578125,0.124169921875,-270.83538818359375,59.96416473388672,-6.217055320739746,17.241819381713867,-17.107501983642578,-6.531002998352051,-14.31751823425293,3.0589795112609863,-12.215161323547363,2.476282835006714,-7.9147772789001465,-4.332747936248779,-7.178742408752441,-6.904995918273926,-12.365288734436035,-3.9335460662841797,-8.123372077941895,-6.8515801429748535,-14.303255081176758,-10.21395492553711,dooropen
door10close.wav,0.543929934501648,0.040830373764038086,1591.7143517930588,2142.3290515612434,3279.344321196934,0.04811873525943396,-330.56451416015625,109.3282241821289,-2.041884660720825,14.464505195617676,11.35014533996582,20.304523468017578,11.263500213623047,9.602447509765625,7.27425479888916,6.837130546569824,1.3411033153533936,6.095940589904785,1.4527759552001953,2.844752788543701,0.19459296762943268,5.909768581390381,1.7448281049728394,3.6029229164123535,3.4108357429504395,5.302270889282227,doorclose
door1close.wav,0.5724434852600098,0.008981500752270222,2892.6361215729476,2822.9335464019887,6440.3076171875,0.13249085441468253,-490.70703125,70.62871551513672,2.4986133575439453,12.986645698547363,-7.295378684997559,3.461252450942993,-9.044090270996094,-3.2853925228118896,-13.563879013061523,-7.22732400894165,-13.172928810119629,-5.132278919219971,-11.344209671020508,-7.590242385864258,-10.679877281188965,-7.760693550109863,-11.256095886230469,-6.219335079193115,-9.036345481872559,-6.6259989738464355,doorclose
door2close.wav,0.6450967788696289,0.007140635512769222,1892.69236903389,2391.7403741717962,4326.3635145879425,0.06699391592920353,-499.657470703125,85.2232666015625,4.657173156738281,32.62643814086914,17.503623962402344,22.304357528686523,12.558618545532227,10.432120323181152,1.0566102266311646,12.187159538269043,2.2593703269958496,4.296782970428467,2.0692169666290283,2.4582700729370117,-0.3534803092479706,4.447780609130859,-0.4099242687225342,1.515166997909546,-0.307545930147171,0.46783557534217834,doorclose
door3close.wav,0.5798494815826416,0.02471061982214451,2439.2360873735543,2684.035471265861,5333.277493990385,0.08692157451923077,-298.7247619628906,102.1257095336914,11.18517017364502,2.0386455059051514,2.5919432640075684,11.51542854309082,1.5644612312316895,4.099363327026367,-5.097475051879883,0.5584938526153564,-10.589195251464844,-0.16316984593868256,-2.5559988021850586,-0.019932474941015244,-6.155971050262451,1.1491228342056274,-5.894960880279541,-1.0625171661376953,-6.512423992156982,-2.5388906002044678,doorclose
door4close.wav,0.6483256220817566,0.007751124445348978,2318.4382926806193,2231.20253534171,4399.5849609375,0.0909000318877551,-473.22430419921875,69.43880462646484,-27.710857391357422,27.05694007873535,5.891998767852783,16.29722785949707,-2.6378557682037354,2.664405584335327,-0.29107674956321716,6.944380760192871,5.1181817054748535,8.28926944732666,5.502424716949463,11.495390892028809,0.9750681519508362,2.7009518146514893,2.2239153385162354,4.946842193603516,2.8317172527313232,6.887428283691406,doorclose
door5close.wav,0.5513647198677063,0.03021266683936119,2712.504141778214,2160.2765005929773,4471.049540751689,0.19540487753378377,-429.9875183105469,87.62938690185547,5.877461910247803,27.85169792175293,11.8566255569458,-10.002619743347168,-0.053328435868024826,16.219036102294922,5.811375617980957,-5.352603435516357,-9.633132934570312,3.0245048999786377,2.842698812484741,1.6411622762680054,-4.960042476654053,-1.4545284509658813,-4.422513961791992,-0.2843213975429535,-2.4882545471191406,1.3339437246322632,doorclose
door6close.wav,0.5711329579353333,0.026723701506853104,2464.316774477515,2383.959381929147,4974.01611328125,0.125732421875,-392.3371276855469,87.29315185546875,-6.130693435668945,10.726080894470215,-8.697280883789062,0.001711108023300767,-8.765861511230469,-6.201413631439209,-7.1835737228393555,-5.207364559173584,-7.769627094268799,-8.807764053344727,-9.528130531311035,-7.283422946929932,-9.96988582611084,-9.245399475097656,-11.218664169311523,-9.184337615966797,-7.955557823181152,-6.746412754058838,doorclose
door7close.wav,0.5863082408905029,0.0064994897693395615,2638.059377004845,2670.480685686068,5627.70263671875,0.1097412109375,-513.0686645507812,75.28431701660156,10.963984489440918,3.0360231399536133,2.964001417160034,8.948166847229004,5.3681793212890625,1.204845666885376,0.8833117485046387,6.285694122314453,-1.204838752746582,0.3706389367580414,2.021121025085449,5.5074782371521,2.3498077392578125,0.8595085740089417,0.5835683941841125,2.684478998184204,3.306807518005371,0.4698723256587982,doorclose
door9close.wav,0.6212537288665771,0.034896984696388245,1495.4074619602616,2203.7339059597502,3417.9307725694443,0.03736255787037037,-433.8519592285156,75.63907623291016,27.00444221496582,30.399335861206055,18.428253173828125,17.44061279296875,13.319844245910645,15.440040588378906,7.056214809417725,8.954838752746582,9.536120414733887,8.857386589050293,3.2771549224853516,4.047455310821533,2.326082468032837,5.062131404876709,3.5559771060943604,2.837048292160034,0.7873601317405701,1.834491491317749,doorclose
doorclose11.wav,0.5037249326705933,0.028729775920510292,1408.608992777976,1987.7852867080028,2667.041015625,0.036858258928571426,-368.3980712890625,120.24478149414062,20.768707275390625,21.064817428588867,10.962814331054688,13.515721321105957,-0.9152514934539795,7.223085403442383,-1.772019863128662,6.360274314880371,2.337120294570923,6.576203346252441,2.035703420639038,5.263543605804443,1.0043978691101074,1.3495274782180786,1.2815195322036743,2.2908287048339844,-1.7313934564590454,3.406271457672119,doorclose
doorclose12.wav,0.5598626732826233,0.04137235879898071,1451.600196970531,2007.3155136281187,3031.8335899939902,0.052640474759615384,-367.9272766113281,115.78515625,22.20564079284668,25.010643005371094,6.828893661499023,14.025979995727539,1.8466426134109497,4.54714298248291,-3.1678757667541504,0.811742901802063,-1.6966278553009033,3.906179904937744,-2.7562615871429443,0.6100392937660217,-3.305175542831421,-0.8004204630851746,2.7192142009735107,3.028937339782715,-1.9309114217758179,1.2524712085723877,doorclose
doorclose13.wav,0.6965591311454773,0.04173918813467026,1390.4638605483117,1940.95187828668,2719.094669117647,0.045189950980392156,-383.64898681640625,83.3262710571289,2.7135918140411377,21.347606658935547,16.009462356567383,13.609140396118164,7.314156532287598,7.163075923919678,6.371641635894775,11.678845405578613,12.929729461669922,9.789034843444824,3.6203811168670654,5.20421028137207,1.5227086544036865,8.487395286560059,5.123522758483887,9.718487739562988,5.994084358215332,3.9083003997802734,doorclose
doorclose14.wav,0.5828555226325989,0.03622119873762131,1125.426605333479,1460.3155140485399,2117.6282908818494,0.045891748715753425,-332.2254943847656,154.70692443847656,-21.436691284179688,-0.25082966685295105,-7.712052822113037,-1.552209496498108,0.14259973168373108,15.557269096374512,-0.7641372084617615,6.0079545974731445,10.93935489654541,12.159181594848633,2.0033559799194336,0.9363106489181519,5.100584030151367,1.6343399286270142,0.39865776896476746,2.4375486373901367,1.621168851852417,0.7250950932502747,doorclose
doorclose15.wav,0.535761296749115,0.05464548245072365,2419.0832802256286,2604.7402790198967,5365.512483016304,0.08515200407608696,-216.56088256835938,97.46955871582031,9.366366386413574,5.618914604187012,-12.026254653930664,4.521507263183594,2.7343175411224365,9.540017127990723,1.7825123071670532,5.718709468841553,-3.2338764667510986,6.990079879760742,-3.90415096282959,1.5805981159210205,-2.842843770980835,6.36431884765625,-4.751708030700684,-0.046137478202581406,-4.826263904571533,6.302975654602051,doorclose
doorclose16.wav,0.7834466099739075,0.17938074469566345,276.10274833013415,875.2858311705872,457.2216796875,0.00400390625,-378.18060302734375,130.4579620361328,76.94094848632812,45.017818450927734,29.711824417114258,28.561485290527344,22.553478240966797,15.466182708740234,10.911765098571777,6.970435619354248,5.307551860809326,7.078139305114746,4.134195327758789,4.885935306549072,3.506981611251831,-1.2118821144104004,2.238770008087158,5.014431953430176,6.979705333709717,7.182119846343994,doorclose
doorclose17.wav,0.6606002449989319,0.04134323447942734,939.75076346534,1779.566136933973,1912.5953530365566,0.015625,-407.7505798339844,91.13139343261719,32.270503997802734,25.43222427368164,15.373973846435547,14.672394752502441,10.072519302368164,9.360635757446289,5.492331027984619,7.673148155212402,7.021178245544434,7.8918633460998535,4.293649196624756,5.774746417999268,3.1648342609405518,5.456174850463867,5.331432819366455,6.621425628662109,3.1125075817108154,3.6194980144500732,doorclose
doorclose18.wav,0.5049201250076294,0.02260497398674488,1614.642164648162,2356.745189593287,3401.022616299716,0.05221280184659091,-453.81036376953125,97.09797668457031,35.939449310302734,24.893951416015625,17.87462615966797,14.833874702453613,10.711197853088379,15.413013458251953,3.4971418380737305,10.808764457702637,4.221273899078369,8.98227310180664,1.4622403383255005,5.586789608001709,2.0181734561920166,3.6422317028045654,-0.5473957061767578,0.617730438709259,0.4278108477592468,3.909989833831787,doorclose
doorclose19.wav,0.6796246767044067,0.03629990667104721,2054.291731918643,2596.8605184154076,5481.199951171875,0.05819963727678571,-386.1393127441406,61.38715744018555,31.817941665649414,25.878536224365234,17.130075454711914,19.34198570251465,7.714786052703857,7.963304042816162,4.82049036026001,5.755379676818848,3.138235569000244,2.2029531002044678,4.585055828094482,3.936901807785034,4.222671031951904,3.6280136108398438,1.0366055965423584,0.9938862323760986,-0.12368549406528473,1.8234566450119019,doorclose
doorclose2.wav,0.6181790828704834,0.03456556424498558,2012.494984073184,2233.9916981122515,4096.506263469828,0.05798760775862069,-327.4748840332031,85.58831787109375,-13.20759105682373,32.238643646240234,-5.359394550323486,12.734648704528809,10.926567077636719,14.738160133361816,-5.164658546447754,4.708804607391357,4.6319684982299805,6.424208164215088,3.357438087463379,9.267066955566406,6.3429856300354,6.617336750030518,4.725265026092529,6.504103660583496,1.1281272172927856,7.312411785125732,doorclose
doorclose20.wav,0.7313467860221863,0.23248539865016937,1053.4531881242347,1655.053810614976,2234.483924278846,0.018310546875,-205.19891357421875,129.37161254882812,3.0321767330169678,42.46537780761719,-8.034936904907227,20.567058563232422,15.608275413513184,12.919121742248535,12.628579139709473,13.784697532653809,4.099299907684326,15.840585708618164,2.410667657852173,12.596833229064941,4.640563011169434,4.231776714324951,4.2840495109558105,4.279416084289551,2.3985321521759033,8.30703067779541,doorclose
doorclose21.wav,0.6163168549537659,0.033856507390737534,1187.3949136430763,2053.5860783233784,2861.6729736328125,0.019795735677083332,-417.414306640625,120.79059600830078,13.955642700195312,21.630346298217773,27.06300926208496,23.411773681640625,21.397918701171875,10.876258850097656,5.483510494232178,4.997887134552002,3.025008201599121,0.7543451189994812,-3.5097179412841797,0.6779325604438782,2.377873420715332,1.5929511785507202,0.7483862042427063,4.233199596405029,1.964255690574646,3.122713088989258,doorclose
doorclose22.wav,0.7333537340164185,0.004777933936566114,1782.941020884771,2402.2627707431398,4062.3551652238175,0.04298194679054054,-595.4339599609375,76.20292663574219,12.979625701904297,29.918806076049805,12.965011596679688,18.01555061340332,10.648127555847168,13.422958374023438,5.495193958282471,9.232503890991211,7.08128547668457,8.910833358764648,4.100282192230225,4.600996017456055,3.0970101356506348,4.55817985534668,3.837348699569702,6.403537273406982,5.0037384033203125,3.820866346359253,doorclose
doorclose23.wav,0.5878874659538269,0.013654411770403385,2183.5740751705052,2435.0408234331226,4474.789608226103,0.07173426011029412,-426.6435241699219,66.32526397705078,-5.460674285888672,21.268983840942383,20.38324737548828,26.13146209716797,9.894286155700684,8.567578315734863,15.145137786865234,21.642349243164062,10.495920181274414,6.4453887939453125,-3.925266981124878,7.231762409210205,0.03387502208352089,2.6218531131744385,-3.219923496246338,7.756198883056641,8.695096015930176,2.5965349674224854,doorclose
doorclose24.wav,0.742050051689148,0.004781691357493401,1693.0432437475722,2429.5566771713425,4203.2567804509945,0.03081720525568182,-621.4639282226562,68.85315704345703,17.77710723876953,26.657854080200195,14.641583442687988,15.899825096130371,12.408801078796387,11.76480484008789,6.0930328369140625,7.531094551086426,6.545231342315674,7.296368598937988,4.906368732452393,5.834400653839111,3.7905571460723877,4.1284379959106445,3.0072877407073975,4.397148609161377,4.5162811279296875,5.158769607543945,doorclose
doorclose27.wav,0.705939531326294,0.05233176425099373,1271.8077507834994,1758.0379065766226,2665.4067993164062,0.036590576171875,-403.9467468261719,47.10276412963867,-0.6445836424827576,18.278928756713867,16.769289016723633,20.35395622253418,10.166903495788574,11.711878776550293,9.379921913146973,10.941818237304688,11.039385795593262,8.084429740905762,4.219662189483643,6.640347957611084,3.1357929706573486,6.699720859527588,4.907968997955322,2.438152551651001,3.651189088821411,5.411827087402344,doorclose
doorclose28.wav,0.676101565361023,0.03191450610756874,1011.2533161140176,1838.4249325665107,2188.0126953125,0.018509476273148147,-442.9040832519531,56.61137390136719,12.43399715423584,11.142857551574707,11.099464416503906,14.824398040771484,11.434584617614746,10.079350471496582,10.338631629943848,8.535667419433594,6.684946537017822,7.259855270385742,5.727083206176758,6.528038501739502,6.024184226989746,5.530508041381836,3.7293593883514404,4.075971603393555,3.7695987224578857,3.594599962234497,doorclose
doorclose3.wav,0.6496012210845947,0.05324655771255493,2042.463301995636,2705.8426013033322,5016.090944980053,0.04830867686170213,-367.1468505859375,83.98834228515625,31.480403900146484,28.92466163635254,18.0998477935791,8.642932891845703,5.321262836456299,6.979142189025879,6.880490779876709,8.995094299316406,4.70266056060791,8.924427032470703,1.693654179573059,6.8603105545043945,4.668735504150391,6.838890552520752,-0.8311477303504944,4.870651721954346,-2.264373540878296,1.2448607683181763,doorclose
doorclose30.wav,0.48533767461776733,0.0961538702249527,2267.6290163278877,1689.865783943705,3931.4165257695895,0.1683622901119403,-207.0270538330078,119.40198516845703,-17.93877410888672,78.07130432128906,-48.616607666015625,28.759437561035156,-8.377344131469727,-1.9045250415802002,8.761791229248047,-0.023819169029593468,7.013779163360596,-2.0884323120117188,4.12693977355957,-0.976902425289154,5.290270805358887,-8.225895881652832,4.92438268661499,-3.6813554763793945,-0.8762190341949463,5.709542751312256,doorclose
doorclose31.wav,0.6383048892021179,0.12916219234466553,1018.7300813016575,1749.6913307483107,1983.7865117770523,0.02185605177238806,-277.25286865234375,122.857177734375,3.810652494430542,30.210121154785156,11.091328620910645,12.410956382751465,-1.1055330038070679,2.3441882133483887,9.48788070678711,5.915170669555664,2.086820602416992,10.059144020080566,0.7134913206100464,2.9534378051757812,3.350628614425659,5.929089069366455,2.396578550338745,2.0971100330352783,2.5361220836639404,4.627882480621338,doorclose
doorclose32.wav,0.6220099329948425,0.08423253893852234,1296.0732484055063,2020.5990754967365,2851.2652587890625,0.011100260416666667,-318.5592041015625,96.12114715576172,6.749590873718262,36.65994644165039,15.533555030822754,15.255373001098633,3.684357166290283,1.6609605550765991,10.515560150146484,4.656646728515625,1.4920268058776855,12.121874809265137,6.993277549743652,5.96392822265625,4.758606910705566,3.801555633544922,1.389222264289856,2.1812422275543213,1.1817725896835327,0.834911048412323,doorclose
doorclose33.wav,0.5599915981292725,0.06871701776981354,1220.6066240190084,1927.7452270933106,2731.6696454893868,0.009737986438679245,-324.0367126464844,111.6334457397461,-1.3185405731201172,38.075775146484375,16.478822708129883,18.266332626342773,6.182106971740723,3.624715566635132,9.117216110229492,3.432633399963379,-3.249089479446411,8.976768493652344,1.0213587284088135,1.8221707344055176,1.264810562133789,1.1876466274261475,0.19537867605686188,0.1742929220199585,2.1428070068359375,1.490581750869751,doorclose
doorclose34.wav,0.6165590286254883,0.07835506647825241,1004.2027663451828,1823.2259848557308,2140.0368430397725,0.012492390422077922,-326.3175354003906,115.42191314697266,3.6392405033111572,36.068275451660156,19.295866012573242,19.51182746887207,9.049571990966797,5.041632175445557,13.8021240234375,4.437153339385986,-1.4531277418136597,8.722562789916992,-1.7445793151855469,3.158395767211914,4.859411239624023,3.7074732780456543,4.25078821182251,0.00914595928043127,1.7655166387557983,1.0898756980895996,doorclose
doorclose4.wav,0.6558626890182495,0.040039993822574615,1783.2598979781453,2055.2186452253163,3747.13623046875,0.06279296875,-329.67547607421875,114.87265014648438,-6.577637195587158,19.636524200439453,9.859824180603027,8.698240280151367,5.91948127746582,7.406514644622803,3.9175429344177246,6.496310710906982,3.0443694591522217,9.437422752380371,3.4602878093719482,5.266325950622559,2.791857957839966,0.924517035484314,-3.6323142051696777,4.729672431945801,-4.424841403961182,6.615903377532959,doorclose
doorclose6.wav,0.5730456709861755,0.01586082950234413,2066.797637055849,2209.5531098342794,4018.634033203125,0.09981105638586957,-425.0473937988281,84.59735107421875,1.6074485778808594,7.417680740356445,5.665384769439697,4.7137932777404785,-3.138188600540161,-0.3765757083892822,-3.465742349624634,-1.384525179862976,-1.2107492685317993,1.6679997444152832,-1.604712724685669,2.79902982711792,-1.605695366859436,-1.3875629901885986,-2.8309292793273926,0.1917514204978943,-2.656043291091919,-1.723016381263733,doorclose
doorclose7.wav,0.7506866455078125,0.22294367849826813,1942.0633910008937,2160.7847232848235,3899.30419921875,0.06526692708333333,-150.71229553222656,100.53035736083984,5.283084869384766,22.719322204589844,1.2087912559509277,19.079620361328125,3.920271158218384,18.22271156311035,6.36644172668457,5.970927715301514,2.8459434509277344,8.62122631072998,0.4924665689468384,3.554063558578491,-0.5070154666900635,9.933816909790039,2.930812120437622,1.3601646423339844,0.2072644829750061,4.223588943481445,doorclose
doorclose8.wav,0.6730603575706482,0.042578503489494324,1761.7403514646237,2278.482586934865,4052.8279622395835,0.046938295717592594,-330.1828918457031,100.41490936279297,14.172560691833496,27.435482025146484,2.7280962467193604,14.721006393432617,4.2600884437561035,7.633181571960449,1.817872405052185,2.3636417388916016,3.0831661224365234,4.648309707641602,0.28971728682518005,3.905520439147949,2.1106390953063965,1.6415327787399292,3.535828113555908,3.7225968837738037,4.09771203994751,4.9920806884765625,doorclose
doorclose9.wav,0.7515488862991333,0.0002054343349300325,3937.610196474309,3107.8900193622485,7917.938232421875,0.2628987630208333,-636.175048828125,44.59019088745117,2.1772398948669434,13.589066505432129,3.9424421787261963,10.898418426513672,-0.2742982804775238,7.993525981903076,-0.8355963230133057,6.044109344482422,1.4077996015548706,4.131349563598633,-2.206799030303955,5.2966508865356445,-1.4358936548233032,4.7990336418151855,-1.48728609085083,5.101767539978027,-2.1188013553619385,6.202107906341553,doorclose
airplane1.wav,0.5185256600379944,0.4933161735534668,1195.9803829329753,1648.2755233773778,2370.124340057373,0.03965950012207031,-14.974054336547852,156.42431640625,-13.02935791015625,32.44610595703125,3.3258118629455566,11.809938430786133,-0.9989516735076904,10.423749923706055,-7.678155422210693,10.70207405090332,-4.859273433685303,-0.31195616722106934,-0.6118175983428955,2.8904776573181152,-8.171998023986816,2.9590747356414795,-3.2016992568969727,1.9704307317733765,1.2910557985305786,3.4319605827331543,airplane
airplane10.wav,0.5495368242263794,0.038224268704652786,1427.7210979398155,1367.190469732681,2623.9404296875,0.08325602213541666,-238.30191040039062,167.13621520996094,-60.203678131103516,27.920534133911133,-13.319409370422363,1.3294086456298828,-11.543561935424805,-2.4656896591186523,-7.058531284332275,5.399521350860596,-2.880000114440918,0.6877568364143372,-12.42364501953125,-8.26811695098877,-8.065969467163086,-3.146148443222046,-6.302837371826172,-2.852678060531616,-4.136486053466797,-4.86342716217041,airplane
airplane11.wav,0.534945547580719,0.049096185714006424,1247.2206335187207,1181.0763582913048,2204.869976240335,0.07849175027614139,-253.9796600341797,177.98336791992188,-57.017425537109375,8.03853988647461,-10.27160930633545,-9.895620346069336,-11.958622932434082,-10.50279712677002,-11.896149635314941,-6.0741353034973145,-5.7948713302612305,-4.420552730560303,-2.4973702430725098,1.8226039409637451,-1.6049326658248901,0.45987123250961304,-4.229813575744629,-5.142773151397705,-6.570069313049316,-5.494178771972656,airplane
airplane12.wav,0.45117849111557007,0.1410204917192459,1350.839544008177,1322.1452271064315,2654.6046028809824,0.06453799000314861,-147.12928771972656,162.9541015625,-57.94129180908203,36.89210510253906,-9.074811935424805,3.154087781906128,2.5131399631500244,-0.6626496315002441,-1.0242043733596802,2.3109941482543945,-1.5226927995681763,0.8557688593864441,-2.7386550903320312,-4.425685882568359,-10.337686538696289,-10.02640438079834,-8.336895942687988,-10.152649879455566,-8.130044937133789,-6.4784836769104,airplane
airplane13.wav,0.4291420578956604,0.11060672253370285,1251.8061581601517,1321.1728790235013,2466.0411487926135,0.05948675635026738,-173.08816528320312,168.66421508789062,-48.2191047668457,29.575284957885742,-12.172126770019531,-0.12262729555368423,-5.2131028175354,-4.881649017333984,-5.987060546875,-2.874706506729126,-4.015053749084473,-0.6901445984840393,-2.2979073524475098,-2.7194290161132812,-9.875049591064453,-10.135279655456543,-7.706386089324951,-7.571846008300781,-7.900417327880859,-6.90764045715332,airplane
airplane14.wav,0.46113282442092896,0.1415887176990509,1125.220002504039,1081.9027545755716,2108.128460634102,0.06740177487864078,-165.76419067382812,199.40142822265625,-59.3277473449707,28.239953994750977,-4.031024932861328,2.069854736328125,-0.8447364568710327,-5.968491554260254,-6.5534772872924805,-4.182788848876953,-6.988330364227295,-5.0948262214660645,-3.619084596633911,-2.3188254833221436,-5.260299205780029,-5.6056132316589355,-7.512678146362305,-9.027786254882812,-7.5182013511657715,-6.354352951049805,airplane
airplane15.wav,0.5416940450668335,0.11109237372875214,1326.5185870160662,1216.7174753080362,2472.31617909065,0.08154575256556443,-169.60186767578125,181.47898864746094,-61.86421203613281,26.99709129333496,-8.367999076843262,-3.76564359664917,-3.016411066055298,-5.101222991943359,-7.0460591316223145,-1.5078378915786743,-5.630836009979248,-0.27514833211898804,0.07716931402683258,2.009336471557617,-3.879042148590088,-4.040213108062744,-7.194569110870361,-8.032105445861816,-7.960445880889893,-5.2653093338012695,airplane
airplane16.wav,0.627856969833374,0.06682546436786652,738.2385035014896,909.2530232294195,1384.3453618157098,0.03949087798680456,-251.16966247558594,219.83599853515625,-24.912195205688477,0.042815160006284714,14.542545318603516,-2.2409934997558594,5.269306182861328,3.0964150428771973,3.326460838317871,1.7834842205047607,2.0829896926879883,1.819221019744873,1.4516091346740723,2.7657971382141113,-0.9008964896202087,-0.8360913395881653,-1.050706148147583,-1.1826428174972534,0.8719701766967773,0.294877827167511,airplane
airplane17.wav,0.6319736838340759,0.046432994306087494,1657.3761625918912,1872.8963482670674,3537.189849503887,0.08206481434124387,-216.45399475097656,137.8984375,-21.275962829589844,22.900129318237305,-10.265589714050293,15.575957298278809,-1.0653270483016968,6.617605686187744,0.6482311487197876,3.0723893642425537,0.6124998927116394,2.7445456981658936,-1.0326251983642578,2.51822829246521,0.43557170033454895,0.3341854512691498,-0.18602314591407776,1.1487053632736206,-2.259641647338867,1.6908150911331177,airplane
airplane18.wav,0.5850755572319031,0.038258910179138184,1132.431083291401,1184.0192730038593,2088.6319064110826,0.06755698292525773,-293.15618896484375,192.8773193359375,-56.56850814819336,24.18623161315918,-4.420839309692383,-0.5488449335098267,4.210163593292236,-0.747008204460144,-2.7399299144744873,1.797219157218933,-2.8105905055999756,-1.0942333936691284,0.4165565073490143,-0.9219067692756653,-0.12779410183429718,1.4176111221313477,-0.6267374157905579,0.9217702746391296,0.08687102049589157,-0.5631518959999084,airplane
airplane19.wav,0.47285187244415283,0.0584755502641201,1089.8351291220522,1230.5669344557714,1758.623798076923,0.06751695570054946,-287.53497314453125,139.7576904296875,-7.800248146057129,-14.500025749206543,-12.46587085723877,1.6584575176239014,4.5545735359191895,7.51744270324707,5.952055931091309,7.726655006408691,3.9476144313812256,3.9221744537353516,4.082125186920166,2.507843017578125,1.4812581539154053,6.485135555267334,4.141146183013916,3.5710244178771973,4.747873783111572,3.613957405090332,airplane
airplane2.wav,0.5323666334152222,0.010139203630387783,1349.152020094353,1423.4351319530958,2524.6193564399173,0.07912853936464088,-391.50799560546875,164.55577087402344,-30.639108657836914,18.901803970336914,-7.025302410125732,11.476712226867676,0.7565364837646484,6.465330600738525,-2.1432199478149414,-2.8495523929595947,-7.507713317871094,1.3118362426757812,0.0743730217218399,1.9277942180633545,-2.9012937545776367,-0.9866823554039001,-3.54776930809021,-2.572929859161377,-0.683447003364563,1.9091662168502808,airplane
airplane20.wav,0.5023242235183716,0.10726954787969589,1228.975426918815,1077.178432712197,2160.3627059797627,0.08492601491384916,-223.4084014892578,205.0485382080078,-49.5925407409668,29.942977905273438,10.248854637145996,-0.14156679809093475,7.705732345581055,-6.33984375,-1.9948903322219849,-4.241541385650635,-4.171885967254639,-5.238300800323486,-4.607150077819824,-4.917835712432861,-2.24236798286438,-3.2625041007995605,-5.710262775421143,-2.565206527709961,-3.1959939002990723,-1.0205750465393066,airplane
airplane21.wav,0.6024346351623535,0.07699830830097198,988.8877988662733,1218.7424327417998,2090.079028244727,0.048127071038119196,-234.22862243652344,194.5748291015625,-42.92359924316406,46.2304801940918,14.91756534576416,7.991256237030029,11.84621524810791,4.639046669006348,-2.9852445125579834,1.8350251913070679,1.2002108097076416,2.4911346435546875,-0.6779922842979431,-2.1118288040161133,-1.7006473541259766,-5.191742420196533,-1.5472221374511719,-0.7020628452301025,-1.4681791067123413,-1.4832624197006226,airplane
airplane22.wav,0.37127143144607544,0.12069038301706314,477.8900944009214,851.2568582319476,752.5871158753387,0.020668053405572755,-291.8088684082031,233.4045867919922,37.93751907348633,-4.32207727432251,10.038557052612305,14.385586738586426,4.475006103515625,0.4819389283657074,0.6464822292327881,0.6500008702278137,-1.6040228605270386,-4.039771556854248,-6.028261184692383,-3.1883559226989746,-2.118884325027466,-3.159123420715332,-3.5903267860412598,-3.033529281616211,-4.736145973205566,-3.6776111125946045,airplane
airplane23.wav,0.5766651630401611,0.08508669584989548,1503.922200316941,1652.5961353576972,2942.6155756978155,0.08288192337513485,-135.33274841308594,153.5317840576172,-37.57424545288086,28.33283042907715,-5.113523483276367,7.905594348907471,-8.414190292358398,1.8931245803833008,-6.75654411315918,-1.5402374267578125,-9.223858833312988,-6.254644870758057,-7.6311798095703125,-2.570831298828125,-9.383999824523926,0.08200933784246445,-7.654186248779297,-4.49155855178833,-6.401631832122803,-2.2689807415008545,airplane
airplane24.wav,0.5086662769317627,0.10279135406017303,701.9063929157268,759.9415961405597,1142.2764261440595,0.04438143987035604,-272.92578125,231.58499145507812,1.2559001445770264,-20.540678024291992,9.903715133666992,-4.1537275314331055,-6.7824201583862305,-3.440194606781006,-5.268955707550049,-4.202239990234375,-3.552151918411255,-1.0109105110168457,-0.5199953317642212,-3.8047025203704834,-3.6973071098327637,-2.631824493408203,-2.359135150909424,-0.7401743531227112,-1.312341570854187,-3.851348876953125,airplane
airplane25.wav,0.6024405360221863,0.08308969438076019,820.632023809033,921.7788340465804,1539.474024344524,0.046371601683436535,-234.21702575683594,230.24951171875,-44.54722595214844,16.68423080444336,13.408021926879883,0.7441501021385193,7.730690956115723,-0.8496907949447632,-0.8884679675102234,-1.4825985431671143,-3.041801691055298,-2.992464780807495,-3.1050329208374023,-2.347491979598999,-1.840811014175415,-2.340301513671875,-1.925137996673584,-4.007592678070068,-2.031496047973633,-1.7309579849243164,airplane
airplane26.wav,0.6096893548965454,0.05930498242378235,1525.687072276398,1650.175041487806,3176.6574578536183,0.08505174067982456,-208.1046600341797,158.5189208984375,-26.128273010253906,30.572429656982422,-6.12321662902832,9.373212814331055,-3.584627628326416,2.0978615283966064,-2.2986207008361816,2.4443728923797607,-1.1176159381866455,0.9832850694656372,-4.019356727600098,0.18547175824642181,-2.7591185569763184,-0.035858314484357834,-3.5452420711517334,-1.4679150581359863,-1.6418806314468384,0.4937218427658081,airplane
airplane27.wav,0.44344276189804077,0.04155711457133293,1453.106485084141,1790.4591813511042,2856.69296727036,0.056975188078703706,-231.35537719726562,144.98532104492188,-23.82678985595703,20.987258911132812,2.5125210285186768,10.708118438720703,-4.209090232849121,7.277655124664307,-4.085145473480225,2.1739442348480225,-6.759399890899658,0.1262793242931366,-6.998047828674316,-0.898881196975708,-6.9514594078063965,-1.1133118867874146,-5.569894790649414,-1.7288074493408203,-6.27943229675293,-1.0573080778121948,airplane
airplane3.wav,0.5600388050079346,0.012030170299112797,1186.00779467256,1350.6036965130759,2281.3919479782517,0.06369430954391891,-368.2081298828125,183.9842071533203,-30.224143981933594,31.82919692993164,-9.967446327209473,8.655416488647461,-8.66650104522705,-0.479482501745224,-4.085970401763916,-2.731074571609497,-5.335597515106201,0.33362409472465515,-2.8166141510009766,0.44577422738075256,-3.9190285205841064,-2.2717397212982178,-4.840872287750244,-2.5229270458221436,-2.293998956680298,-0.4989001750946045,airplane
airplane4.wav,0.5876878499984741,0.008274850435554981,1729.5918442597938,1723.2063621296993,3332.823046875,0.100970703125,-358.214599609375,139.5576629638672,-46.204402923583984,31.62152671813965,2.5953261852264404,18.769062042236328,-3.719236135482788,11.922426223754883,-1.294869303703308,-0.38373863697052,-10.37353515625,2.2322285175323486,-2.5944745540618896,0.5450766682624817,-4.687251567840576,2.7462425231933594,-3.9457902908325195,1.8624311685562134,-2.721667766571045,-1.7646888494491577,airplane
airplane5.wav,0.5910102725028992,0.021064426749944687,1752.785638840254,1819.1262978044363,3515.0331863359597,0.09651039801217765,-269.2767639160156,140.63548278808594,-25.49929428100586,32.70612716674805,-14.08684253692627,9.359885215759277,-14.122258186340332,0.598944902420044,-9.289347648620605,-0.758668065071106,-12.00932788848877,-1.7844294309616089,-6.800563812255859,-0.2900439500808716,-9.89406967163086,-1.1297056674957275,-7.108335971832275,-1.5207616090774536,-4.768000602722168,-2.323087692260742,airplane
airplane6.wav,0.574624240398407,0.039739593863487244,1180.5077753462986,1281.3646013457842,2189.179806592988,0.06617071053523035,-297.44927978515625,158.93817138671875,-12.374176979064941,10.221651077270508,-0.3346182107925415,6.221140384674072,-2.8841609954833984,-0.9392300844192505,-8.99123477935791,-6.1883978843688965,-4.928947448730469,-3.806365728378296,-7.182422637939453,-2.956364393234253,-3.7392261028289795,-2.392284393310547,-4.562534332275391,-2.170220375061035,-0.5275748372077942,-2.8386800289154053,airplane
airplane7.wav,0.47244584560394287,0.04831517115235329,1200.7331868594358,1204.6787482739885,2315.9043422965115,0.0630154079861111,-253.7824249267578,175.51417541503906,-54.5056037902832,20.82267951965332,3.577136516571045,-1.1505547761917114,-3.043253183364868,-4.377128601074219,-7.1803131103515625,-3.2453250885009766,-1.6988089084625244,-4.736303329467773,-7.125714302062988,-3.756575107574463,-10.925613403320312,-8.82744026184082,-9.90284538269043,-10.780259132385254,-7.880545616149902,-6.343526840209961,airplane
airplane8.wav,0.5055339932441711,0.05737168714404106,1307.4498749887375,1394.4571903958893,2525.818989666335,0.06018698642928287,-224.41488647460938,156.7323455810547,-38.413818359375,26.529563903808594,-5.491172790527344,-0.7132548689842224,-8.953165054321289,-2.456777334213257,-5.926477432250977,3.5881903171539307,-10.259258270263672,-7.879710674285889,-12.798661231994629,-12.863367080688477,-9.127547264099121,-7.703917980194092,-10.641743659973145,-7.978579521179199,-7.590465545654297,-5.858452320098877,airplane
airplane9.wav,0.5216343998908997,0.04405462369322777,1215.4760853953262,1278.424985920669,2200.19608837063,0.06948180117849577,-279.33740234375,161.03671264648438,-38.88814163208008,6.461467266082764,-0.9007961750030518,-0.653178870677948,-9.768416404724121,-7.493448734283447,-9.078418731689453,-7.271352291107178,-8.328514099121094,-7.376063346862793,-5.602431774139404,-2.1189017295837402,-6.958944320678711,-4.372880458831787,-6.003786563873291,-6.277919769287109,-7.013246536254883,-7.854841709136963,airplane
carhorn1.wav,0.2483883947134018,0.08999095857143402,2186.4399582044252,1392.218597033868,3487.874221801758,0.146759033203125,-229.3578338623047,65.40211486816406,-109.60110473632812,13.866460800170898,-32.10984802246094,2.351917266845703,10.541624069213867,2.621973752975464,-9.69874382019043,5.545038223266602,-4.571186065673828,-4.431699752807617,-2.2840657234191895,0.07951408624649048,9.193992614746094,15.092531204223633,14.962265014648438,15.092516899108887,-0.9189364314079285,4.452598571777344,carhorn
carhorn10.wav,0.3872455358505249,0.04496350511908531,1879.5999433113582,1903.6760570029157,3361.480243389423,0.11185396634615384,-243.61485290527344,109.94356536865234,-40.98569107055664,9.088227272033691,-13.784977912902832,-1.5123178958892822,-19.12791633605957,4.8800225257873535,-11.862030982971191,-7.066506385803223,-17.386425018310547,-11.037171363830566,-21.136791229248047,-7.803033351898193,-13.90103530883789,-4.168462753295898,-8.02446460723877,-2.4969980716705322,-8.051189422607422,0.557056188583374,carhorn
carhorn11.wav,0.29549312591552734,0.02404690720140934,2292.413073660512,2296.5926014190914,4283.606622869318,0.17145774147727272,-268.1318359375,88.4344482421875,-9.516637802124023,33.94910430908203,14.847993850708008,-7.019392013549805,11.14985466003418,24.155078887939453,-13.36448860168457,8.207544326782227,0.2001904547214508,3.7176921367645264,-8.634181022644043,1.0202997922897339,-1.222427248954773,-1.680668830871582,-6.256754398345947,6.523317813873291,2.0821726322174072,-0.12018515914678574,carhorn
carhorn12.wav,0.4946964383125305,0.019384892657399178,1165.695576189764,1323.1054183250628,1976.26953125,0.05888310185185185,-404.2668762207031,146.4740447998047,-10.536433219909668,-14.327372550964355,6.514485836029053,-0.14055170118808746,-5.369058132171631,1.3003034591674805,-8.522643089294434,-5.577678680419922,-0.6332715153694153,-6.107067584991455,-11.591504096984863,0.7566474676132202,-6.258235931396484,-5.641595840454102,-1.99528968334198,-0.07062884420156479,-0.5085882544517517,7.370625019073486,carhorn
carhorn13.wav,0.5232117176055908,0.019402170553803444,1198.6912983483378,1295.2374060112847,2082.113924893466,0.06718306107954546,-389.2117919921875,136.9187774658203,-8.828919410705566,-16.18012237548828,6.049023628234863,0.2853715121746063,-4.4636688232421875,2.9962480068206787,-6.584529399871826,-6.519520282745361,-1.4166985750198364,-3.651068925857544,-10.702167510986328,-1.077277660369873,-6.955850601196289,-8.04903507232666,-5.4472270011901855,-0.0703849270939827,0.8545324206352234,3.4046781063079834,carhorn
carhorn14.wav,0.5224220752716064,0.030426567420363426,1206.6462356696309,1319.4041894364634,2094.2095588235293,0.06814874387254902,-375.7966003417969,131.55636596679688,-3.1484999656677246,-14.062104225158691,1.3139859437942505,-0.791201114654541,-5.62182092666626,0.49913132190704346,-6.446321964263916,-4.165068626403809,-2.327554941177368,-5.64563512802124,-11.375879287719727,0.9066562056541443,-6.583570957183838,-5.633990287780762,-3.422173023223877,-0.07839357852935791,1.979580283164978,3.9061779975891113,carhorn
carhorn15.wav,0.356410950422287,0.052830927073955536,1506.7906982804998,1600.2525591140154,2585.009765625,0.07310267857142858,-326.1928405761719,117.37860107421875,-14.729082107543945,-6.561723232269287,-6.540793418884277,-6.733128070831299,-6.326661586761475,-2.759269952774048,-18.35219955444336,-4.923806667327881,-3.598630666732788,-9.509269714355469,-17.64836883544922,4.043013572692871,-14.41108512878418,-9.364229202270508,-3.807468891143799,-0.16929800808429718,1.7043925523757935,8.600975036621094,carhorn
carhorn16.wav,0.3689262568950653,0.041809067130088806,1438.7522171087776,1575.3110891749195,2481.70166015625,0.07159978693181818,-343.60235595703125,120.24267578125,-13.466586112976074,-5.691404342651367,-1.4009708166122437,-7.4603657722473145,-4.23248291015625,-0.6385198831558228,-19.016071319580078,-6.402159214019775,-0.6011773943901062,-8.98678970336914,-15.572186470031738,4.398894786834717,-13.14809513092041,-9.533051490783691,-2.7335867881774902,1.6988297700881958,0.40384894609451294,8.694189071655273,carhorn
carhorn17.wav,0.48454347252845764,0.004656655248254538,1580.3016880863013,2192.2025202710533,3085.0799560546875,0.046427408854166664,-544.5363159179688,118.68203735351562,3.281402587890625,8.862652778625488,1.5785144567489624,6.721704959869385,5.988271236419678,7.355384349822998,5.684503078460693,7.0340399742126465,-3.613027572631836,3.8512744903564453,-0.9034197926521301,12.44061279296875,7.482969284057617,12.644392967224121,7.040141582489014,8.891700744628906,2.031621217727661,0.6873607635498047,carhorn
carhorn18.wav,0.31430482864379883,0.01287015713751316,1835.6246389109756,2254.53311245113,3743.944027549342,0.05852950246710526,-443.988037109375,97.90863037109375,-16.32323455810547,6.004016399383545,-2.289618730545044,-0.5780220627784729,-3.7151899337768555,1.7434260845184326,-5.807911396026611,3.622680187225342,-3.29598069190979,1.9648834466934204,-5.882172584533691,13.792473793029785,14.908543586730957,26.68608283996582,11.48045825958252,9.960543632507324,3.6454620361328125,0.20167438685894012,carhorn
carhorn19.wav,0.418712317943573,0.01669454015791416,4640.059549879246,2423.113531197642,7073.6572265625,0.40727381552419356,-534.635498046875,31.406675338745117,-19.67759895324707,-4.546859264373779,-15.209024429321289,-2.925933361053467,-9.14276123046875,1.0712100267410278,-11.115788459777832,-2.1822268962860107,-9.512484550476074,-4.164053440093994,-10.593464851379395,-0.8695195317268372,1.1265982389450073,8.648173332214355,11.357967376708984,7.233552932739258,-2.170626401901245,2.303293466567993,carhorn
carhorn2.wav,0.39379173517227173,0.029064670205116272,2162.6941442200505,2316.376628548053,4192.007984834559,0.11141429227941177,-215.8351287841797,100.49606323242188,-25.79827117919922,7.215836524963379,9.200225830078125,17.881797790527344,9.314266204833984,17.00109100341797,-12.894119262695312,25.877290725708008,7.9315266609191895,3.9745304584503174,-4.778667449951172,8.623000144958496,0.8781713843345642,10.035968780517578,-4.830188751220703,-1.89971923828125,-2.908830404281616,10.545855522155762,carhorn
carhorn20.wav,0.25532400608062744,0.022787662222981453,2426.8845409651253,2181.216857778457,4655.478515625,0.14908203125,-425.9365539550781,61.66521453857422,-29.97988510131836,-2.1751580238342285,-18.190292358398438,-3.108513593673706,-12.239083290100098,3.905790090560913,-14.368878364562988,-5.179912090301514,-15.654189109802246,-6.802826404571533,-19.845401763916016,-3.1424427032470703,3.7952775955200195,14.906518936157227,20.44645118713379,12.948802947998047,-3.485954523086548,1.6802884340286255,carhorn
carhorn21.wav,0.22940510511398315,0.052561067044734955,2248.3496025753125,2378.2204884678263,4951.86767578125,0.09688895089285714,-258.07989501953125,71.2590560913086,-6.58875036239624,9.481362342834473,-6.283449649810791,-1.4563413858413696,-13.800590515136719,7.00071382522583,-25.86477279663086,-1.2991222143173218,-5.571200370788574,-13.743361473083496,-0.9502209424972534,21.557687759399414,14.31501579284668,26.521543502807617,10.809808731079102,15.602256774902344,7.023315906524658,-2.044933795928955,carhorn
carhorn22.wav,0.19134527444839478,0.17970010638237,2207.4745367086816,2324.2189310527447,4718.463134765625,0.084686279296875,-215.26907348632812,60.05250549316406,-6.015236854553223,6.215545654296875,-3.518191337585449,-8.258460998535156,-16.32253646850586,4.307317733764648,-24.86781883239746,-0.5441169738769531,1.8397290706634521,-2.4035439491271973,-17.119037628173828,-5.132391929626465,-12.359766006469727,5.700309753417969,11.575901985168457,27.608524322509766,20.142009735107422,5.799706935882568,carhorn
carhorn23.wav,0.3488151729106903,0.13309165835380554,2122.989476833035,2356.0526760465536,4724.63809742647,0.07367302389705882,-273.3992004394531,62.8316650390625,-2.7324888706207275,10.226203918457031,-1.089342713356018,-9.708667755126953,-13.199729919433594,4.740320682525635,-17.055267333984375,3.4016621112823486,8.266626358032227,0.08845032006502151,-14.439286231994629,-0.8398547172546387,-4.722259998321533,8.79043197631836,7.234467506408691,18.45221710205078,14.312067031860352,1.4713150262832642,carhorn
carhorn24.wav,0.18147943913936615,0.1522473245859146,2148.627158484566,2288.819078053399,4535.905905330882,0.08386948529411764,-246.80015563964844,61.53303146362305,-3.5941014289855957,7.765824317932129,-1.7274186611175537,-10.628620147705078,-16.0811824798584,3.739389657974243,-23.384294509887695,-1.8965649604797363,2.817945718765259,-1.0589699745178223,-16.736141204833984,-0.9760674834251404,-9.178577423095703,8.567927360534668,12.170971870422363,28.325611114501953,21.080537796020508,2.4512975215911865,carhorn
carhorn25.wav,0.2523518204689026,0.1641913801431656,2271.046620562815,2447.7300744008508,5149.371892755682,0.08260830965909091,-260.71697998046875,44.28047180175781,1.5636675357818604,2.71699857711792,1.594882845878601,-3.6499786376953125,-8.802224159240723,10.193655014038086,-17.131317138671875,5.589280128479004,7.077828407287598,3.0266666412353516,-14.09820556640625,3.688518762588501,-6.553496360778809,10.892383575439453,9.122815132141113,25.791030883789062,23.158315658569336,7.1899027824401855,carhorn
carhorn26.wav,0.29475659132003784,0.11501921713352203,1726.8777748299485,2133.546203157044,3104.01123046875,0.0717529296875,-199.43699645996094,88.81771087646484,-0.4100733697414398,45.70375442504883,35.99892807006836,16.47795295715332,4.734783172607422,17.83139991760254,-8.468756675720215,-3.1293275356292725,-4.527364253997803,1.6661529541015625,-5.530229568481445,-5.04527473449707,-20.383861541748047,-7.456132411956787,-8.854544639587402,-8.598465919494629,-8.865478515625,-4.4356889724731445,carhorn
carhorn27.wav,0.3045347034931183,0.1311018019914627,2197.440706505123,2159.722152820703,3967.1337890625,0.11559244791666666,-175.73023986816406,61.335899353027344,-12.103732109069824,58.744815826416016,43.48186492919922,9.334835052490234,2.602893114089966,22.960107803344727,-16.412315368652344,-5.931517601013184,-0.033737216144800186,0.22003427147865295,-9.382477760314941,-2.9267497062683105,-26.829833984375,-4.263844966888428,-3.672030448913574,-12.60608196258545,-8.190461158752441,-1.9419909715652466,carhorn
carhorn28.wav,0.35025644302368164,0.11646617949008942,3800.2004952410657,2917.4835457119348,7692.73681640625,0.20245361328125,-121.38884735107422,28.965145111083984,-12.587949752807617,21.681028366088867,0.8050334453582764,-30.503684997558594,3.735264301300049,-7.002119541168213,-29.464553833007812,3.541841983795166,2.2465126514434814,-20.8431396484375,-0.19150766730308533,2.703700065612793,-2.7021267414093018,10.637859344482422,8.12274169921875,9.339765548706055,-0.7862273454666138,9.878274917602539,carhorn
carhorn29.wav,0.28458887338638306,0.173151433467865,4213.793968517405,2979.889171508288,8349.010120738636,0.2983620383522727,-64.15874481201172,9.012630462646484,-11.361031532287598,24.096677780151367,7.162436008453369,-20.7318172454834,8.74388599395752,-2.99923038482666,-20.418188095092773,3.291667938232422,-2.404158353805542,-21.949312210083008,-3.3269944190979004,2.067389488220215,0.3090510666370392,5.311812877655029,6.076831340789795,8.13919448852539,0.6864908933639526,9.417133331298828,carhorn
carhorn3.wav,0.3233107626438141,0.029894107952713966,2496.9131245917697,2416.6286323602994,4851.968994140625,0.1800537109375,-215.3590850830078,86.66575622558594,-24.53470230102539,15.336503982543945,11.747294425964355,8.413209915161133,12.514667510986328,23.755083084106445,-16.501388549804688,20.448360443115234,6.353938579559326,0.9655594825744629,0.5833297967910767,15.86572551727295,0.4525008201599121,8.563736915588379,-1.6870149374008179,-2.027158498764038,-3.171220064163208,13.51982593536377,carhorn
carhorn30.wav,0.31629765033721924,0.03548590838909149,4338.71033050195,2472.5853016354417,6731.02596507353,0.34260110294117646,-465.239013671875,9.329771041870117,-24.506790161132812,0.5026270747184753,-5.555909156799316,-3.1002554893493652,-7.386483192443848,-0.6886168122291565,-19.106319427490234,-5.442162990570068,-12.133070945739746,-3.855868101119995,-9.421321868896484,-8.394248962402344,-10.392081260681152,14.847180366516113,24.072677612304688,27.865570068359375,4.507019519805908,-4.731327533721924,carhorn
carhorn31.wav,0.17094264924526215,0.06763199716806412,2514.2349326140893,2154.0576338437218,4500.439453125,0.119140625,-304.9425048828125,12.051128387451172,-51.456390380859375,-9.983281135559082,-16.771839141845703,-3.879380226135254,-11.915348052978516,-4.184848308563232,-44.715030670166016,-13.843077659606934,-24.03383445739746,-6.600631237030029,-20.579580307006836,-15.28624439239502,-19.36451530456543,25.41001319885254,38.09482192993164,45.06338882446289,5.83757209777832,-6.046005725860596,carhorn
carhorn32.wav,0.1913103312253952,0.06006285920739174,2456.013758477719,2106.6944115047263,4289.593505859375,0.13525390625,-372.6639099121094,2.749462127685547,-44.5286750793457,-10.86975383758545,-11.549891471862793,-7.805539608001709,-12.973983764648438,-3.046170473098755,-34.86863708496094,-9.024658203125,-16.351057052612305,-2.7178761959075928,-17.0197696685791,-9.159480094909668,-12.106144905090332,29.864837646484375,43.33133316040039,46.863800048828125,5.455818176269531,-4.635465145111084,carhorn
carhorn33.wav,0.2048381268978119,0.061492402106523514,2957.147882903917,2182.8014273106764,4875.707614037298,0.20603893649193547,-399.4549865722656,-14.522797584533691,-34.6600341796875,-3.7174487113952637,-11.674654006958008,-3.8461661338806152,-12.340134620666504,3.9555602073669434,-30.766849517822266,-4.125821113586426,-11.702290534973145,-5.144787311553955,-12.452869415283203,-4.943802356719971,-12.47186279296875,29.30451011657715,46.1588249206543,51.30527114868164,10.320444107055664,-2.3445358276367188,carhorn
carhorn34.wav,0.28118476271629333,0.008497770875692368,1598.271410681307,2068.9751874005015,3536.82861328125,0.058430989583333336,-597.9441528320312,114.76915740966797,9.051996231079102,8.727737426757812,7.736959934234619,-3.316269636154175,-4.734819412231445,-7.840453147888184,-11.504731178283691,-6.7459516525268555,-7.08314323425293,-7.131083965301514,-3.197650194168091,11.0493745803833,13.795713424682617,12.303449630737305,2.499838352203369,-3.50213360786438,-9.019013404846191,-10.240715980529785,carhorn
carhorn35.wav,0.2784118950366974,0.01233446691185236,1510.0875245604066,1795.0224529429886,3083.941180889423,0.06028395432692308,-581.3995971679688,121.99750518798828,-8.857258796691895,0.17280444502830505,0.9966859221458435,-6.741336345672607,-11.682211875915527,-14.931445121765137,-13.80538272857666,-10.306178092956543,-9.929762840270996,-7.567373275756836,-3.137755870819092,10.856827735900879,23.228185653686523,20.70192527770996,6.064586162567139,-0.9982550144195557,-7.304193019866943,-9.98377513885498,carhorn
carhorn36.wav,0.23485204577445984,0.017644578590989113,1205.0134806197868,1427.6872909647607,2323.828125,0.05195711096938776,-568.8036499023438,124.32574462890625,-25.654905319213867,-3.575862407684326,-9.768467903137207,-15.69354248046875,-20.069786071777344,-29.7786922454834,-23.057445526123047,-20.826580047607422,-18.20612335205078,-10.03652286529541,-2.402911901473999,10.938797950744629,28.664152145385742,30.388832092285156,11.998014450073242,-2.268044948577881,-11.4144926071167,-11.072415351867676,carhorn
carhorn37.wav,0.26937466859817505,0.020998066291213036,1353.7273353002458,1411.7325260183454,2530.4986769153224,0.06808373235887097,-568.76220703125,117.02674865722656,-29.27833366394043,-2.182040214538574,-13.854562759399414,-16.103548049926758,-22.718843460083008,-32.405853271484375,-23.882274627685547,-20.655075073242188,-16.532981872558594,-10.931112289428711,-3.6001248359680176,13.844024658203125,30.905611038208008,30.865394592285156,12.277584075927734,1.976851224899292,-5.487615585327148,-7.927894115447998,carhorn
carhorn38.wav,0.22734668850898743,0.09394507855176926,1639.9850866700328,1821.9391918523713,2612.1164629536293,0.09523059475806452,-273.59588623046875,67.20716094970703,-24.208751678466797,0.29993605613708496,3.6910722255706787,-10.40892219543457,-6.3729729652404785,16.511343002319336,-22.313119888305664,-5.227603435516357,-6.780897617340088,5.497769355773926,-0.8341594934463501,20.471879959106445,19.177888870239258,23.279420852661133,19.463825225830078,25.102127075195312,12.109375953674316,10.849587440490723,carhorn
carhorn39.wav,0.2175416201353073,0.14122220873832703,2063.0258677606116,1761.601635536334,4012.4432373046875,0.10135498046875,-250.7896270751953,66.50447845458984,-57.114463806152344,27.91107177734375,-28.831279754638672,7.002191066741943,-27.697500228881836,-4.859678745269775,-10.927787780761719,-3.3003909587860107,-8.28703498840332,-23.654932022094727,-7.736794948577881,12.286977767944336,19.38125991821289,20.78431510925293,30.92119789123535,16.38418960571289,-1.4745715856552124,-11.336444854736328,carhorn
carhorn4.wav,0.2412099391222,0.007785407360643148,2302.4558038521454,2413.7637801211645,4792.188095464939,0.15727419969512196,-524.6969604492188,55.37807083129883,19.50285530090332,39.65712356567383,11.591422080993652,-7.042984962463379,19.587778091430664,9.026427268981934,-18.919139862060547,5.845763206481934,7.700015068054199,-14.804194450378418,-0.08589798957109451,6.816770076751709,-12.299757957458496,-0.24100396037101746,9.256027221679688,-7.616382122039795,4.611728668212891,26.7850284576416,carhorn
carhorn40.wav,0.217542827129364,0.14122220873832703,2063.009708211811,1761.5949803596309,4012.4432373046875,0.10137939453125,-250.789306640625,66.50401306152344,-57.11481475830078,27.91094970703125,-28.830829620361328,7.001595497131348,-27.69793128967285,-4.858180999755859,-10.929081916809082,-3.2998433113098145,-8.287557601928711,-23.655487060546875,-7.735918998718262,12.286569595336914,19.382627487182617,20.78255844116211,30.921215057373047,16.38400650024414,-1.4733316898345947,-11.336888313293457,carhorn
carhorn41.wav,0.30647602677345276,0.0835113599896431,1359.2383777282043,1374.927966695048,2310.0087267287236,0.0770029920212766,-212.2462158203125,146.17318725585938,-49.724281311035156,6.665553092956543,-5.745995044708252,5.226288318634033,-1.1640774011611938,-0.12279250472784042,-13.811135292053223,-13.897075653076172,-11.055100440979004,-17.37788200378418,-15.362462997436523,-8.350839614868164,-3.299804449081421,-2.7346291542053223,-8.643633842468262,-8.488725662231445,-6.74242639541626,0.330576092004776,carhorn
carhorn42.wav,0.31101706624031067,0.07887032628059387,1659.2758032243921,1539.099698705232,2837.3750908430234,0.10044967296511628,-231.4304656982422,119.8079833984375,-54.940826416015625,-1.0100204944610596,-21.08844757080078,-6.031363010406494,-5.0040411949157715,1.2288235425949097,-16.644926071166992,-14.553074836730957,-10.63343334197998,-9.781072616577148,-7.782875061035156,-4.429495334625244,-0.4179292619228363,2.0275444984436035,-2.2274084091186523,-4.555120944976807,-3.6393582820892334,4.629669189453125,carhorn
carhorn43.wav,0.2723805010318756,0.06879213452339172,1629.7992986582537,1466.7611428029384,2732.1328125,0.1012109375,-259.80035400390625,115.93791198730469,-55.7965202331543,0.6358295679092407,-12.765237808227539,-6.832426071166992,0.029976578429341316,1.9645558595657349,-13.089329719543457,-14.961037635803223,-12.119590759277344,-8.503952980041504,-4.565926551818848,1.4294564723968506,3.342636823654175,3.521763801574707,-2.840231418609619,-3.4707648754119873,-1.0190633535385132,4.704207420349121,carhorn
carhorn44.wav,0.3061882257461548,0.048085518181324005,2072.0204062556695,2436.572498615456,4389.982096354167,0.08454499421296297,-422.1166687011719,61.60489273071289,20.43149757385254,34.95750045776367,6.298474311828613,-0.7353137731552124,8.826745986938477,-10.167672157287598,-21.561843872070312,11.058672904968262,-4.15741491317749,-9.997479438781738,0.9785819053649902,-6.154361248016357,-12.38761043548584,5.81160831451416,-6.463380813598633,2.0040059089660645,21.102983474731445,22.33916473388672,carhorn
carhorn45.wav,0.25556328892707825,0.06551254540681839,2355.239389975623,2539.4848509606068,5292.938232421875,0.08281598772321429,-399.3371276855469,57.533714294433594,23.859861373901367,37.42008590698242,5.428727149963379,-3.2677178382873535,-0.5568164587020874,-15.053983688354492,-29.299945831298828,9.297662734985352,-6.810637474060059,-12.761831283569336,-3.6718335151672363,-11.126749038696289,-16.67476463317871,4.655051231384277,-14.133626937866211,-3.0850911140441895,18.529104232788086,21.812175750732422,carhorn
carhorn46.wav,0.4135424792766571,0.0861794501543045,3425.347917208967,1759.9299023788592,5085.4248046875,0.27590215773809523,-152.3037872314453,20.341054916381836,-60.33108901977539,74.1636962890625,-24.21997833251953,27.117191314697266,17.222402572631836,10.130622863769531,-6.690921783447266,4.952380657196045,14.125527381896973,-2.933527946472168,2.1916663646698,7.016354560852051,10.775240898132324,4.921751022338867,-0.9426994323730469,4.730386734008789,2.8755292892456055,7.378220558166504,carhorn
carhorn47.wav,0.325301855802536,0.10232138633728027,3183.6692221982794,1801.292366034736,4757.5458984375,0.244736328125,-141.9925537109375,27.50788116455078,-66.22636413574219,62.97429656982422,-6.7438154220581055,13.5040922164917,22.9621639251709,11.304892539978027,-13.977088928222656,8.960519790649414,5.5907816886901855,5.428707122802734,-7.886324405670166,13.668673515319824,6.364965438842773,5.719088077545166,-3.6604726314544678,-0.7662609815597534,4.815793037414551,-2.298123836517334,carhorn
carhorn48.wav,0.29681479930877686,0.03730836138129234,2847.9796288577027,2291.179170095049,4664.205129523027,0.20205849095394737,-404.4459228515625,20.627004623413086,14.5880126953125,64.46106719970703,-1.4254287481307983,-2.7609617710113525,21.904945373535156,1.5813438892364502,-18.28508949279785,16.01950454711914,-6.63295841217041,-3.896014928817749,3.6385903358459473,-1.0757240056991577,-6.183643341064453,12.137043952941895,0.2115580439567566,17.838693618774414,22.030174255371094,15.681534767150879,carhorn
carhorn49.wav,0.1657184660434723,0.12866078317165375,2801.01211866369,2510.550977098948,5812.539852366728,0.13802562040441177,-237.8892364501953,5.951740741729736,12.674491882324219,14.098465919494629,-11.380404472351074,11.1146821975708,-3.4709529876708984,-14.487373352050781,-18.816669464111328,12.523237228393555,-19.68387222290039,1.9179108142852783,-9.827264785766602,13.103843688964844,10.654266357421875,39.068336486816406,48.257164001464844,22.3861083984375,0.3084430992603302,-23.986906051635742,carhorn
carhorn5.wav,0.3444027602672577,0.1450781673192978,3815.554324828698,2323.8097197198485,6304.6291906856795,0.30144493325242716,-227.10586547851562,0.0005891114706173539,-48.492008209228516,-6.61075496673584,-17.68910026550293,-10.167600631713867,-20.524675369262695,-5.147439479827881,-17.093643188476562,-7.001991271972656,-18.748044967651367,-12.189130783081055,-8.832115173339844,10.268156051635742,17.028974533081055,25.726757049560547,9.376969337463379,7.461755275726318,-7.360167503356934,-0.8553234338760376,carhorn
carhorn6.wav,0.2333897054195404,0.06890146434307098,3233.5403343282196,2140.962990446814,5380.68187816723,0.23927100929054054,-442.4627380371094,-41.783042907714844,-42.02691650390625,8.137598991394043,-6.325554370880127,-11.616962432861328,-29.747915267944336,-8.911637306213379,-20.44273567199707,-5.035161018371582,-17.27985954284668,-15.101899147033691,-22.822046279907227,-7.6133503913879395,-1.5563454627990723,23.319412231445312,45.27345657348633,50.71941375732422,18.918310165405273,-5.454250812530518,carhorn
carhorn7.wav,0.5413406491279602,0.03248816728591919,1181.5594195685585,1580.2728534537698,2180.23681640625,0.04269748263888889,-328.5302429199219,157.999267578125,-11.807607650756836,0.3364633023738861,10.222487449645996,16.006858825683594,11.20581340789795,10.30062198638916,1.1201417446136475,6.207285404205322,-0.5275987982749939,-1.147470474243164,-2.7792186737060547,0.9800341129302979,5.88886833190918,10.696158409118652,1.752468228340149,8.389256477355957,4.232811450958252,3.5482609272003174,carhorn
carhorn8.wav,0.2557413876056671,0.0213593989610672,2615.9898206683997,1464.1730671781431,3658.6466051868556,0.25898538176546393,-456.09991455078125,35.45042037963867,-38.22370147705078,32.55945587158203,-14.3392333984375,-26.713069915771484,7.733834266662598,-15.295926094055176,-17.774147033691406,7.001535892486572,-27.43404769897461,-24.03340721130371,-0.16452941298484802,-7.618195056915283,-13.579526901245117,-13.048287391662598,-9.13648509979248,3.3103647232055664,9.677033424377441,13.250476837158203,carhorn
carhorn9.wav,0.5810555219650269,0.02320760488510132,855.7624261317718,1642.9568903330266,1627.3518880208333,0.014178240740740741,-438.0168151855469,130.0259552001953,35.641937255859375,21.812223434448242,11.193659782409668,18.287099838256836,14.671906471252441,14.534010887145996,10.803343772888184,6.771138668060303,6.271477222442627,4.1248087882995605,4.147217273712158,7.780000686645508,10.176152229309082,7.782487869262695,3.2132151126861572,1.55032217502594,0.20342572033405304,3.190302848815918,carhorn
barkingdog1.wav,0.4669294059276581,0.02639864943921566,1855.5002661358562,2076.47844730825,3772.427188648897,0.08798964178599071,-442.3890380859375,90.37621307373047,8.300374984741211,-8.781234741210938,-9.155975341796875,-1.018571138381958,-14.586590766906738,-10.846516609191895,-0.7829608917236328,-2.3443543910980225,-6.056153297424316,-4.914284706115723,-1.1496999263763428,-2.548926830291748,-3.5568833351135254,-0.4626094400882721,0.8138324022293091,-2.0374858379364014,0.3491852879524231,1.541909098625183,barkingdog
barkingdog10.wav,0.4406859874725342,0.009830132126808167,2100.494630520836,2188.048669597114,3815.444559125758,0.12151279734141791,-522.9179077148438,42.55971145629883,6.940842151641846,2.11354398727417,4.74707555770874,4.301191806793213,-2.1649365425109863,1.8127696514129639,3.1243607997894287,-0.6041343212127686,-1.800341248512268,1.2221003770828247,1.0090434551239014,2.108494520187378,1.9761472940444946,3.050002336502075,1.3844419717788696,-0.007633380126208067,2.041564464569092,2.065366268157959,barkingdog
barkingdog11.wav,0.3700917959213257,0.037615131586790085,1871.1572867514715,1943.6782846129825,3397.5117137759976,0.09383538704371816,-329.8935241699219,111.8207778930664,-40.00883865356445,-4.150686740875244,8.522653579711914,-9.109126091003418,-3.732590913772583,5.001955509185791,5.039597988128662,13.919530868530273,8.412447929382324,4.793431282043457,-5.086305618286133,-4.709133625030518,-8.433917999267578,-8.531717300415039,-4.560297012329102,-3.781534433364868,-3.6724660396575928,4.456624984741211,barkingdog
barkingdog12.wav,0.39029160141944885,0.22731395065784454,2340.420771599166,2568.216138094883,5351.0009765625,0.08857421875,-98.4213638305664,82.96915435791016,-14.957513809204102,-20.290376663208008,-35.68133544921875,-19.72150993347168,-32.7367057800293,-17.20926284790039,-12.303268432617188,-8.249938011169434,1.3010339736938477,10.354331016540527,-4.592808246612549,3.5485668182373047,-4.7778472900390625,14.687105178833008,1.5917251110076904,-4.804281234741211,-8.903948783874512,-2.3910820484161377,barkingdog
barkingdog13.wav,0.30803316831588745,0.11860683560371399,1110.362851288702,1419.8065245850048,1539.8112686820652,0.05409943953804348,-222.350341796875,166.7436065673828,-17.913463592529297,-44.19236755371094,-19.410871505737305,-4.436374664306641,-44.96483612060547,1.2755013704299927,-34.45790481567383,-6.333685874938965,-6.219537734985352,-11.364465713500977,-8.673213958740234,-8.913228034973145,-13.705597877502441,15.438682556152344,7.848516941070557,8.55042552947998,7.838719844818115,2.0789945125579834,barkingdog
barkingdog14.wav,0.39256909489631653,0.041301775723695755,1297.635222780083,1599.4974451416476,1876.6267475328948,0.06000352443609023,-321.1033935546875,135.8033447265625,-27.19645881652832,-37.01245880126953,-28.45783233642578,4.301498889923096,-17.16424560546875,-8.423105239868164,0.4852129817008972,5.902575969696045,9.170332908630371,5.923060894012451,9.755760192871094,20.168548583984375,11.712319374084473,14.526647567749023,1.335453748703003,1.165473461151123,-3.3369030952453613,4.0917439460754395,barkingdog
barkingdog15.wav,0.39256763458251953,0.04130177199840546,1297.4619347889234,1598.7623090186053,1876.7886513157894,0.06005492246240601,-321.1020202636719,135.80136108398438,-27.1951847076416,-37.013980865478516,-28.45588493347168,4.299866676330566,-17.163738250732422,-8.423905372619629,0.4862554967403412,5.9023966789245605,9.170923233032227,5.922322750091553,9.757165908813477,20.16908073425293,11.711976051330566,14.526748657226562,1.3352513313293457,1.165488600730896,-3.337531805038452,4.092695236206055,barkingdog
barkingdog16.wav,0.4550027847290039,0.02370571345090866,995.8167608383704,1321.6223549295337,1428.2666015625,0.048507254464285714,-414.5148010253906,130.2650604248047,-7.311267852783203,-29.978586196899414,-19.590280532836914,8.484140396118164,-5.47692346572876,-5.592719554901123,4.099423408508301,9.911138534545898,9.329971313476562,3.6471104621887207,11.215560913085938,17.99030876159668,11.310995101928711,10.879666328430176,2.5052037239074707,-0.3360271751880646,-6.895007610321045,-1.682731032371521,barkingdog
barkingdog17.wav,0.4901653826236725,0.12169965356588364,1490.6643348503017,1760.2397569711795,2679.60205078125,0.06769670758928571,-231.90158081054688,114.84622955322266,-16.928884506225586,-7.844419002532959,-12.67273235321045,3.400486469268799,-7.545416831970215,-6.729991436004639,-1.5959476232528687,-1.1420763731002808,3.3378095626831055,3.985058069229126,4.1040472984313965,12.591628074645996,8.474241256713867,8.881758689880371,-0.1225367933511734,-2.012044668197632,-4.225958824157715,-0.2561902105808258,barkingdog
barkingdog18.wav,0.5093085169792175,0.03545406460762024,1211.8789792959547,1485.2341293581862,1959.7793670471558,0.06394730071107785,-331.2174072265625,164.26914978027344,-29.012893676757812,-20.618154525756836,1.3077619075775146,12.562005996704102,-0.11693523079156876,-2.563232421875,18.720605850219727,11.044541358947754,-2.059515953063965,3.291104793548584,4.696076393127441,-0.9474291801452637,-1.652881383895874,6.1350908279418945,4.670151233673096,9.320486068725586,0.196492999792099,-1.653572678565979,barkingdog
barkingdog19.wav,0.49583694338798523,0.05500034987926483,1377.1534329312235,1527.2992428801635,2306.072906949627,0.07802765608342217,-253.5808868408203,138.2876434326172,-24.18280029296875,-11.436100959777832,-2.895418643951416,0.8757277131080627,-2.882709503173828,-2.7424025535583496,-1.0098857879638672,3.004397392272949,3.6134886741638184,1.4531986713409424,3.4141571521759033,9.613783836364746,3.1402246952056885,3.6305363178253174,3.9236321449279785,1.0167906284332275,-0.3881334960460663,-1.0271974802017212,barkingdog
barkingdog2.wav,0.33575451374053955,0.10160251706838608,1581.440855821218,1451.6318473244999,2288.671875,0.09262230282738096,-215.88671875,148.65646362304688,-83.91685485839844,-72.93807983398438,1.7852367162704468,-25.645469665527344,-4.5894880294799805,6.780795097351074,12.107353210449219,-16.76617431640625,-17.13211441040039,12.799832344055176,-6.736818790435791,9.022124290466309,-4.801772117614746,8.206028938293457,5.899385929107666,5.956831932067871,-3.2836990356445312,2.8962719440460205,barkingdog
barkingdog20.wav,0.5081129670143127,0.011802541092038155,1810.3741260234594,2247.5775896857995,3738.452239196097,0.060065854437732345,-496.21002197265625,47.51526641845703,18.338809967041016,1.021317481994629,-9.14700984954834,-6.546122074127197,-6.9484405517578125,-6.954782485961914,-4.899613857269287,-3.148787260055542,-3.4854369163513184,-1.4949924945831299,-1.7752479314804077,-2.198068141937256,-0.7370026707649231,2.5109879061346874e-05,1.9194508790969849,2.4737870693206787,1.8635269403457642,2.062344551086426,barkingdog
barkingdog21.wav,0.365608811378479,0.08054392039775848,1380.3194914167211,1847.117803097648,2402.490234375,0.06125351805124224,-318.6825256347656,119.33826446533203,10.53143310546875,-17.268220901489258,-14.875264167785645,-18.58538246154785,-22.421794891357422,-10.394336700439453,-16.35971450805664,-10.746574401855469,-2.5165696144104004,-3.3287978172302246,-6.965453147888184,-2.9215803146362305,3.829375982284546,0.17836429178714752,-5.437297344207764,-3.3514585494995117,-5.497269153594971,-1.2426308393478394,barkingdog
barkingdog22.wav,0.3856138288974762,0.22235845029354095,1371.507174519225,908.837621312129,2298.148469002016,0.10226229478686635,-139.61061096191406,192.52182006835938,-91.022216796875,-1.1117109060287476,32.283653259277344,-42.19318771362305,-12.124977111816406,-3.025653839111328,-20.107885360717773,12.075620651245117,3.221285343170166,-9.557022094726562,14.018784523010254,2.360769271850586,3.2164201736450195,24.714271545410156,1.6659220457077026,-3.946802854537964,14.303567886352539,-3.3054494857788086,barkingdog
barkingdog23.wav,0.2806185185909271,0.06687904894351959,1272.490592260285,1224.9747007555122,2016.943359375,0.07568359375,-339.7824401855469,119.8223648071289,-50.052940368652344,-48.763221740722656,-20.584835052490234,-14.728857040405273,-28.269187927246094,-13.971360206604004,-13.947385787963867,-13.455791473388672,-1.2045388221740723,2.2070975303649902,10.1127347946167,21.00829315185547,6.19598388671875,3.129060745239258,-1.0247910022735596,2.1523966789245605,-2.0692851543426514,-4.991776943206787,barkingdog
barkingdog24.wav,0.4753342568874359,0.02844064123928547,1049.0528698693229,1561.8702908077823,2002.2462260243324,0.04092454467395511,-462.95916748046875,63.7879638671875,13.820578575134277,-7.326005458831787,-10.378515243530273,-3.7105963230133057,-2.6246469020843506,4.26233434677124,13.219408988952637,21.319133758544922,22.35259246826172,8.364511489868164,3.753636360168457,6.38447380065918,6.1780314445495605,5.475182056427002,4.613248348236084,7.519842624664307,6.441436290740967,3.471174716949463,barkingdog
barkingdog25.wav,0.4753309190273285,0.02844064310193062,1049.1351567527327,1561.9763063377866,2002.3962251173084,0.04091811992066564,-462.95916748046875,63.78791809082031,13.820777893066406,-7.325890064239502,-10.3784818649292,-3.7105894088745117,-2.6247222423553467,4.262319564819336,13.219496726989746,21.319196701049805,22.352590560913086,8.364385604858398,3.7534897327423096,6.384615898132324,6.178159236907959,5.475219249725342,4.613158226013184,7.519903182983398,6.44151496887207,3.4710750579833984,barkingdog
barkingdog26.wav,0.3574334383010864,0.02713521383702755,1396.1551554740572,1161.582435655361,2200.8815135770633,0.09921590564320389,-391.4020080566406,149.10780334472656,-42.35200881958008,-25.385183334350586,4.10884428024292,-3.1836440563201904,-22.536340713500977,-12.266580581665039,-3.905531167984009,5.297365665435791,12.176952362060547,-1.1169461011886597,0.6847038865089417,12.545483589172363,13.551888465881348,8.808356285095215,2.9408652782440186,1.5887086391448975,-0.2581893503665924,-0.22369125485420227,barkingdog
barkingdog27.wav,0.27540305256843567,0.04418530687689781,1579.208402113293,1367.0825613349848,2158.8531494140625,0.11213853624131945,-375.1925048828125,79.68831634521484,-56.39973449707031,-46.67759704589844,-11.25776481628418,2.0412817001342773,-17.418590545654297,-2.8706321716308594,-9.317399978637695,-1.6970291137695312,-7.598659038543701,-0.5982780456542969,3.7622499465942383,11.267693519592285,4.957605838775635,-7.152013778686523,-1.1748796701431274,-5.672731399536133,-4.889753341674805,-2.9271562099456787,barkingdog
barkingdog28.wav,0.4101453423500061,0.06737972795963287,2839.001068026138,1812.199661660163,4589.83154296875,0.23491476668792516,-293.1341552734375,48.79559326171875,-58.811424255371094,1.6940149068832397,-30.612470626831055,8.061043739318848,-19.739879608154297,-4.702840805053711,5.6295084953308105,-4.551948547363281,6.798250675201416,12.3264799118042,11.074220657348633,4.809301376342773,7.492684841156006,-4.250356197357178,-1.4430586099624634,-5.233588695526123,-1.5545603036880493,-4.2432637214660645,barkingdog
barkingdog29.wav,0.43710288405418396,0.03424854204058647,1200.5671157446998,1391.1863034975538,1925.5966895135932,0.0673631603134675,-378.03424072265625,105.74259948730469,-5.443534851074219,-21.013917922973633,-12.69717788696289,-7.306253433227539,-15.375945091247559,-8.627352714538574,-5.057389736175537,-11.085680961608887,-9.920479774475098,-6.4406819343566895,-4.804116725921631,-5.529642105102539,-6.3134002685546875,-1.8021278381347656,1.4685659408569336,0.6675456762313843,-1.7607089281082153,0.38222619891166687,barkingdog
barkingdog3.wav,0.3109988868236542,0.3074745535850525,1804.5311938754862,1800.404678495674,3259.2331220518868,0.08004127358490566,-123.94857025146484,96.60565185546875,-42.87943649291992,-8.565155982971191,-24.67940330505371,-20.67167091369629,-22.483177185058594,-10.209656715393066,-15.332409858703613,-3.7467925548553467,-2.9691526889801025,7.127976417541504,5.74922513961792,1.5503599643707275,2.2061522006988525,11.723286628723145,14.83257007598877,11.007756233215332,4.010787010192871,4.030981063842773,barkingdog
barkingdog30.wav,0.3710387647151947,0.04690888524055481,1697.7730042244666,1958.1780916247044,3265.2750789915744,0.07762588657209897,-392.6662292480469,91.08563232421875,-0.9470758438110352,-19.70659828186035,-15.22522258758545,-1.2079828977584839,-17.913957595825195,-14.349785804748535,-9.310752868652344,-16.48564910888672,-18.821775436401367,-15.197968482971191,-10.939603805541992,-6.582703590393066,-3.3141090869903564,2.902996063232422,6.5117926597595215,7.9755449295043945,6.331933975219727,2.761286735534668,barkingdog
barkingdog31.wav,0.40755897760391235,0.1549425572156906,1282.8007028742309,1436.7467351546968,1796.484375,0.06951032366071429,-200.6690673828125,146.1182861328125,-30.044925689697266,-43.0477409362793,-62.502498626708984,-25.149784088134766,-7.051821708679199,-10.807658195495605,-25.34806251525879,-28.288366317749023,-14.384772300720215,-6.631175994873047,2.368791341781616,-1.9447101354599,-8.179052352905273,14.829035758972168,14.974797248840332,-3.121300458908081,1.388409972190857,-5.584726810455322,barkingdog
barkingdog32.wav,0.39527732133865356,0.020055845379829407,1514.215029712263,1820.7361853456516,2735.9163367229958,0.07369464376698369,-455.858154296875,77.1648178100586,8.508208274841309,-13.637436866760254,-15.8148832321167,-11.81511402130127,-13.092458724975586,-11.514923095703125,-10.237536430358887,-6.060658931732178,-6.435193061828613,-3.5757691860198975,-2.9413301944732666,-2.4810831546783447,1.552893877029419,3.7184269428253174,6.24240255355835,7.423063278198242,4.646983623504639,0.6915252804756165,barkingdog
barkingdog33.wav,0.3603951334953308,0.03099191002547741,1044.4042267197033,1511.5123249727908,1290.3272491140465,0.04674915431701031,-378.12030029296875,159.80239868164062,26.757970809936523,-8.00944709777832,-43.08684539794922,2.368990898132324,-28.888500213623047,-4.871014595031738,13.152371406555176,5.380231857299805,-10.133460998535156,-18.21847152709961,-20.504623413085938,-1.9515453577041626,0.11597057431936264,-15.100353240966797,-7.64638614654541,-10.843485832214355,2.1127398014068604,8.760272026062012,barkingdog
barkingdog34.wav,0.38828325271606445,0.02522221766412258,1464.7808929582764,1488.2613100607355,2352.5835966944096,0.08678401774497488,-332.6135559082031,156.00396728515625,-39.27328872680664,-1.8305954933166504,-3.2710440158843994,3.9216387271881104,-8.316852569580078,6.086036682128906,-0.789818525314331,-2.505736827850342,-7.580652236938477,-7.1083855628967285,0.3808908760547638,-7.054080486297607,-9.129770278930664,-0.3634650707244873,4.901003360748291,0.5112209916114807,0.34993043541908264,-3.0306601524353027,barkingdog
barkingdog35.wav,0.5154743790626526,0.03857295215129852,951.4589827414914,1262.1633578526992,1351.3230344082447,0.049035904255319146,-492.9808044433594,93.34624481201172,8.703364372253418,-25.19468879699707,-18.994260787963867,-1.9919463396072388,-9.750353813171387,-6.743826866149902,5.0719895362854,3.465622663497925,7.180379867553711,3.447392225265503,1.8300085067749023,1.928819179534912,-1.9702167510986328,5.523437023162842,4.380288124084473,0.6102311015129089,1.664449691772461,0.45373421907424927,barkingdog
barkingdog36.wav,0.37027162313461304,0.060247015208005905,1578.9371475869234,1776.1995829733942,2882.3588053385415,0.08926956741898148,-396.0161437988281,86.45934295654297,-5.299056529998779,-22.646835327148438,-20.13353729248047,-9.647480010986328,-0.7862961292266846,2.893263816833496,-2.011918544769287,-0.027471648529171944,-1.195417046546936,-3.274641513824463,-3.6922719478607178,0.9175316691398621,5.149343013763428,11.200087547302246,12.548506736755371,8.628870010375977,3.5630037784576416,2.7357308864593506,barkingdog
barkingdog37.wav,0.42627421021461487,0.015043193474411964,1935.7713980360272,2297.118560965793,3941.3750227107557,0.0888704318936877,-403.5065002441406,120.1032485961914,10.671297073364258,-10.631434440612793,-17.119247436523438,-1.2322880029678345,-11.279837608337402,-7.744401454925537,-13.381343841552734,-6.711824417114258,-6.750709056854248,-0.3552664816379547,-7.061812877655029,-1.6446765661239624,-5.603019714355469,-3.333385705947876,-6.157320499420166,1.6071927547454834,0.5357469916343689,4.446422576904297,barkingdog
barkingdog38.wav,0.3540790379047394,0.04286722093820572,1725.2655389366569,1868.2633871403793,3117.3373585186655,0.0836942762112788,-344.2779846191406,82.31422424316406,-31.15277862548828,-29.52017593383789,-24.558956146240234,-14.15463638305664,-13.334826469421387,-1.4859367609024048,5.796280860900879,-0.11462249606847763,4.204034328460693,8.137413024902344,5.504065036773682,3.830953359603882,3.129483222961426,5.573304176330566,1.1532350778579712,4.380432605743408,1.6000057458877563,1.650459885597229,barkingdog
barkingdog4.wav,0.34893107414245605,0.13671571016311646,1220.2584664823892,891.5338215330886,2082.617709725936,0.08152207971256685,-269.3453063964844,133.15921020507812,-71.93463134765625,-34.92259216308594,-29.02312469482422,-33.68566131591797,-21.142927169799805,-22.81294822692871,-6.152784824371338,-11.055988311767578,-4.68656063079834,9.873647689819336,-0.12194204330444336,5.6498212814331055,-1.032954216003418,-15.809008598327637,-6.018300533294678,-2.2995755672454834,-5.399190902709961,-4.640810489654541,barkingdog
barkingdog5.wav,0.49698248505592346,0.123131662607193,2232.858573523338,2276.1865892087626,4365.0914759069055,0.1148212139423077,-190.4184112548828,92.57337188720703,-24.38015365600586,-0.2318018525838852,-6.357636451721191,-1.892230749130249,3.2365143299102783,8.971234321594238,1.1112045049667358,6.116945266723633,-6.421969413757324,-1.4544200897216797,-4.561251640319824,-0.710377037525177,-6.055585861206055,-1.575630784034729,-3.5336177349090576,-0.201827734708786,-2.6532673835754395,-0.24027346074581146,barkingdog
barkingdog6.wav,0.4393990933895111,0.03564082831144333,1645.3129052326549,1972.874584586212,3354.3336633133563,0.07374193523727984,-426.0669250488281,77.22391510009766,-3.0029795169830322,-3.0783534049987793,-2.7160255908966064,-7.457367420196533,1.901901125907898,-3.05794358253479,-4.891959190368652,-1.6385833024978638,-2.6194868087768555,3.382991075515747,5.46704626083374,0.8747527599334717,-4.165087699890137,0.05278376489877701,-0.9829408526420593,-2.227121591567993,-1.1571038961410522,-2.367199182510376,barkingdog
barkingdog7.wav,0.2391105443239212,0.04942959547042847,1468.5134977122148,1733.6002329290538,2140.4388427734375,0.074493408203125,-316.23876953125,125.70015716552734,-40.12302017211914,-39.35908889770508,5.9512763023376465,-32.3121452331543,-22.19076919555664,-1.8564690351486206,-11.905096054077148,13.855818748474121,9.161856651306152,9.957610130310059,-9.816449165344238,-2.127514600753784,-23.20290184020996,-6.270497798919678,-1.572755217552185,-4.1324334144592285,0.9761837124824524,5.170751094818115,barkingdog
barkingdog8.wav,0.21607312560081482,0.2727450728416443,1262.685025434414,1537.2027699812418,1933.125945060484,0.06519342237903226,-210.30868530273438,93.74951934814453,-28.97075843811035,-11.256440162658691,-31.710214614868164,-29.53083038330078,-30.16887092590332,-0.6833248138427734,4.804015159606934,-14.179176330566406,-12.905778884887695,-2.258115530014038,-1.6612180471420288,-3.0433590412139893,-18.20945167541504,-7.205282688140869,10.250472068786621,17.774362564086914,27.361238479614258,41.650550842285156,barkingdog
barkingdog9.wav,0.541395366191864,0.035821035504341125,1116.736977778988,1806.3325273707874,1783.3713184703481,0.04205738414417614,-359.2015686035156,149.5752716064453,16.095502853393555,-15.221768379211426,-8.655718803405762,5.189760208129883,0.3004288077354431,3.620100975036621,11.600998878479004,14.1897554397583,10.746489524841309,7.890864849090576,6.803493022918701,8.284417152404785,10.59347152709961,6.082442760467529,3.024763584136963,3.9331634044647217,-0.15889407694339752,1.0275897979736328,barkingdog
